[
    {
        "section": "§c§lCre§9§ldits",
        "titles": [
            {
                "title": "Programming",
                "names": [
                    "Youri - ISYOI",
                    "Daan - DannyDanDan_"
                ]
            },
            {
                "title": "Moderation Team",
                "names": [
                    "Youri - ISYOI",
                    "Daan - DannyDanDan_",
                    "Richel - richelbilderbeek"
                ]
            },
            {
                "title": "Github",
                "names": [
                    "Richel - richelbilderbeek"
                ]
            },
            {
                "title": "Testing",
                "names": [
                    "Youri - ISYOI",
                    "Daan - DannyDanDan_",
                    "Richel - richelbilderbeek",
                    "Leonid - Reallift",
                    "Joshua - Dyncoder",
                    "Rijk - Rycoder"
                ]
            }
        ]
    }
]