[
    {
        "section": "§c§lCre§9§ldits",
        "titles": [
            {
                "title": "Programming",
                "names": [
                    "Youri - ISYOI",
                    "Daan - DannyDanDan_"
                ]
            },
            {
                "title": "Head of Stockholm Studio",
                "names": [
                    "Ulrika Höjgård"
                ]
            }
        ]
    },
    {
        "section": "Design",
        "titles": [
            {
                "title": "Chief Creative Officers",
                "names": [
                    "Jens Bergensten",
                    "Saxs Persson"
                ]
            },
            {
                "title": "Game Directors",
                "names": [
                    "Agnes Larsson",
                    "Måns Olson"
                ]
            },
            {
                "title": "Creative Director",
                "names": [
                    "Jesse Merriam",
                    "Magnus Nedfors",
                    "Torfi Frans Olafsson"
                ]
            },
            {
                "title": "Principal Design Director",
                "names": [
                    "Craig Leigh"
                ]
            },
            {
                "title": "Principal Design Manager",
                "names": [
                    "Michael Harnisch"
                ]
            },
            {
                "title": "Lead Game Designers",
                "names": [
                    "Rob Poerschke",
                    "Robin V Vincent"
                ]
            },
            {
                "title": "Game Designers",
                "names": [
                    "Art Usher",
                    "Brandon Pearce",
                    "Christian Berg",
                    "Cole Phillips",
                    "Cory Scheviak",
                    "Henrik Kniberg",
                    "Laura de Llorens Garcia",
                    "Matthew Gatland",
                    "Michael Stagnitta",
                    "Nir Vaknin",
                    "Steve Enos",
                    "Tod Pang"
                ]
            },
            {
                "title": "Narrative Director",
                "names": [
                    "Kevin Grace"
                ]
            },
            {
                "title": "Narrative Designer",
                "names": [
                    "Kelsey Howard"
                ]
            },
            {
                "title": "Design Manager",
                "names": [
                    "Rabi Afram"
                ]
            }
        ]
    }
]