{
	"credit": "Made with Blockbench",
	"textures": {
		"0": "custom/10",
		"particle": "custom/10"
	},
	"elements": [
		{
			"from": [-16, 0, 5],
			"to": [32, 10, 5],
			"faces": {
				"north": {"uv": [0, 0, 16, 16], "texture": "#0"},
				"east": {"uv": [0, 0, 16, 16], "texture": "#0"},
				"south": {"uv": [0, 0, 16, 16], "texture": "#0"},
				"west": {"uv": [0, 0, 16, 16], "texture": "#0"},
				"up": {"uv": [0, 0, 16, 16], "texture": "#0"},
				"down": {"uv": [0, 0, 16, 16], "texture": "#0"}
			}
		}
	],
	"display": {
		"thirdperson_righthand": {
			"rotation": [-11, 0, 0],
			"translation": [-6.5, 11.25, 0.5],
			"scale": [0, 0, 0]
		},
		"thirdperson_lefthand": {
			"scale": [0, 0, 0]
		},
		"firstperson_righthand": {
			"translation": [-9, 8.25, -6.25]
		},
		"firstperson_lefthand": {
			"translation": [-9, 8.25, -6.25]
		},
		"ground": {
			"translation": [0, 33, 0],
			"scale": [4, 4, 4]
		},
		"gui": {
			"translation": [0.5, -4.75, 0],
			"scale": [0, 0, 0]
		},
		"head": {
			"rotation": [-75, 0, 0],
			"translation": [0, -32, 17]
		},
		"fixed": {
			"translation": [0, 16, -19],
			"scale": [4, 4, 4]
		}
	}
}