{
	"credit": "Made with Blockbench",
	"textures": {
		"1": "custom/tnt_bottom",
		"2": "custom/tnt_side",
		"3": "custom/tnt_top",
		"particle": "custom/tnt_side"
	},
	"elements": [
		{
			"from": [6, 7, 6],
			"to": [10, 11, 10],
			"faces": {
				"north": {"uv": [0, 0, 16, 16], "texture": "#2"},
				"east": {"uv": [0, 0, 16, 16], "texture": "#2"},
				"south": {"uv": [0, 0, 16, 16], "texture": "#2"},
				"west": {"uv": [0, 0, 16, 16], "texture": "#2"},
				"up": {"uv": [0, 0, 16, 16], "texture": "#3"},
				"down": {"uv": [0, 0, 16, 16], "texture": "#1"}
			}
		}
	],
	"display": {
		"thirdperson_righthand": {
			"rotation": [30, 0, 0],
			"translation": [0, 0.25, -0.5]
		},
		"gui": {
			"rotation": [25, 45, 0],
			"translation": [0, -2, 0],
			"scale": [2, 2, 2]
		}
	}
}