{
    "parent": "item/generated",
    "textures": {
     "layer0": "item/carrot_on_a_stick"
    },
   
    "overrides": [
     { "predicate": {"custom_model_data": 1}, "model": "item/1"},
     { "predicate": {"custom_model_data": 2}, "model": "item/2"},
     { "predicate": {"custom_model_data": 3}, "model": "item/3"},
     { "predicate": {"custom_model_data": 4}, "model": "item/4"},
     { "predicate": {"custom_model_data": 5}, "model": "item/5"},
     { "predicate": {"custom_model_data": 6}, "model": "item/6"},
     { "predicate": {"custom_model_data": 7}, "model": "item/7"},
     { "predicate": {"custom_model_data": 8}, "model": "item/8"},
     { "predicate": {"custom_model_data": 9}, "model": "item/9"},
     { "predicate": {"custom_model_data": 10}, "model": "item/10"},
     { "predicate": {"custom_model_data": 11}, "model": "item/pp"},
     { "predicate": {"custom_model_data": 12}, "model": "item/mcquest"},
     { "predicate": {"custom_model_data": 13}, "model": "item/tntmcquest"},
     { "predicate": {"custom_model_data": 14}, "model": "item/pvpmcquest"}
   
    ]

}