{
	"credit": "Made with Blockbench",
	"texture_size": [64, 64],
	"textures": {
		"1": "custom/logo",
		"particle": "custom/texture"
	},
	"elements": [
		{
			"from": [-2, 0, 8],
			"to": [18, 20, 28],
			"faces": {
				"north": {"uv": [0, 0, 16, 16], "texture": "#1"},
				"east": {"uv": [0, 0, 16, 16], "texture": "#1"},
				"south": {"uv": [0, 0, 16, 16], "texture": "#1"},
				"west": {"uv": [0, 0, 16, 16], "texture": "#1"},
				"up": {"uv": [0, 0, 16, 16], "texture": "#1"},
				"down": {"uv": [0, 0, 16, 16], "texture": "#1"}
			}
		}
	],
	"display": {
		"thirdperson_righthand": {
			"rotation": [-11, 0, 0],
			"translation": [-6.5, 11.25, 0.5],
			"scale": [0, 0, 0]
		},
		"thirdperson_lefthand": {
			"scale": [0, 0, 0]
		},
		"firstperson_righthand": {
			"translation": [-9, 8.5, -14],
			"scale": [4, 4, 4]
		},
		"firstperson_lefthand": {
			"translation": [-5.5, 2.25, 0]
		},
		"ground": {
			"translation": [0, -3, -35.5],
			"scale": [4, 0, 4]
		},
		"gui": {
			"translation": [0.5, -4.75, 0],
			"scale": [0.5, 0.6875, 4]
		},
		"head": {
			"rotation": [-75, 0, 0],
			"translation": [0, -32, 17]
		},
		"fixed": {
			"translation": [0, 16, -19],
			"scale": [4, 4, 4]
		}
	}
}