{
	"credit": "Made with Blockbench",
	"elements": [
		{
			"from": [-16, 0, 5],
			"to": [32, 32, 5],
			"color": 7,
			"faces": {
				"north": {"uv": [0, 0, 8, 8], "texture": "#missing"},
				"east": {"uv": [0, 0, 8, 8], "texture": "#missing"},
				"south": {"uv": [0, 0, 8, 8], "texture": "#missing"},
				"west": {"uv": [0, 0, 8, 8], "texture": "#missing"},
				"up": {"uv": [0, 0, 8, 8], "texture": "#missing"},
				"down": {"uv": [0, 0, 8, 8], "texture": "#missing"}
			}
		}
	],
	"display": {
		"thirdperson_righthand": {
			"rotation": [-11, 0, 0],
			"translation": [-6.5, 11.25, 0.5],
			"scale": [0, 0, 0]
		},
		"thirdperson_lefthand": {
			"scale": [0, 0, 0]
		},
		"firstperson_righthand": {
			"translation": [-9, 8.5, -14],
			"scale": [4, 4, 4]
		},
		"firstperson_lefthand": {
			"translation": [-5.5, 2.25, 0]
		},
		"ground": {
			"translation": [0, 33, 0],
			"scale": [4, 4, 4]
		},
		"gui": {
			"translation": [0.5, -4.75, 0],
			"scale": [0.5, 0.6875, 4]
		},
		"head": {
			"rotation": [-75, 0, 0],
			"translation": [0, -32, 17]
		},
		"fixed": {
			"translation": [0, 16, -19],
			"scale": [4, 4, 4]
		}
	}
}