{
	"credit": "Made with Blockbench",
	"textures": {
		"0": "custom/download",
		"particle": "custom/download"
	},
	"elements": [
		{
			"from": [6, 7, 6],
			"to": [10, 11, 10],
			"faces": {
				"north": {"uv": [0, 0, 8, 7], "texture": "#0"},
				"east": {"uv": [0, 0, 8, 7], "texture": "#0"},
				"south": {"uv": [0, 0, 8, 7], "texture": "#0"},
				"west": {"uv": [0, 0, 8, 7], "texture": "#0"},
				"up": {"uv": [0, 7, 8, 14.81481], "texture": "#0"},
				"down": {"uv": [0, 7, 8, 14.8148], "texture": "#0"}
			}
		}
	],
	"display": {
		"thirdperson_righthand": {
			"rotation": [30, 0, 0],
			"translation": [0, 0.25, -0.5]
		},
		"gui": {
			"rotation": [45, 45, 0],
			"translation": [0, -2, 0],
			"scale": [2, 2, 2]
		}
	}
}